SETTLEMENTDATE,WIND
2017-01-08 00:05:00,0.7695079614
2017-01-08 00:10:00,0.753598971
2017-01-08 00:15:00,0.7616582631
2017-01-08 00:20:00,0.7574339198
2017-01-08 00:25:00,0.7549596978
2017-01-08 00:30:00,0.7604268658
2017-01-08 00:35:00,0.7818009835
2017-01-08 00:40:00,0.7870974655
2017-01-08 00:45:00,0.7934182903
2017-01-08 00:50:00,0.7734253056
2017-01-08 00:55:00,0.7369648825
2017-01-08 01:00:00,0.7262353335
2017-01-08 01:05:00,0.7126945438
2017-01-08 01:10:00,0.6814667087
2017-01-08 01:15:00,0.6589060419
2017-01-08 01:20:00,0.6239096007
2017-01-08 01:25:00,0.5832212065
2017-01-08 01:30:00,0.5784949628
2017-01-08 01:35:00,0.5347770276
2017-01-08 01:40:00,0.5138074957
2017-01-08 01:45:00,0.4801470671
2017-01-08 01:50:00,0.4646355431
2017-01-08 01:55:00,0.4471063958
2017-01-08 02:00:00,0.4457788176
2017-01-08 02:05:00,0.4729136797
2017-01-08 02:10:00,0.4754198259
2017-01-08 02:15:00,0.4652540305
2017-01-08 02:20:00,0.4559860601
2017-01-08 02:25:00,0.438606966
2017-01-08 02:30:00,0.4285104609
2017-01-08 02:35:00,0.4127023675
2017-01-08 02:40:00,0.4122112144
2017-01-08 02:45:00,0.4036974549
2017-01-08 02:50:00,0.4067855389
2017-01-08 02:55:00,0.4016717146
2017-01-08 03:00:00,0.3958571434
2017-01-08 03:05:00,0.3902746581
2017-01-08 03:10:00,0.3843064513
2017-01-08 03:15:00,0.3706159713
2017-01-08 03:20:00,0.4011952992
2017-01-08 03:25:00,0.4003194677
2017-01-08 03:30:00,0.3910557598
2017-01-08 03:35:00,0.4160286139
2017-01-08 03:40:00,0.4090279471
2017-01-08 03:45:00,0.4191798209
2017-01-08 03:50:00,0.4036686596
2017-01-08 03:55:00,0.4316744557
2017-01-08 04:00:00,0.4388393693
2017-01-08 04:05:00,0.4555468746
2017-01-08 04:10:00,0.4905917464
2017-01-08 04:15:00,0.5024512061
2017-01-08 04:20:00,0.5489215216
2017-01-08 04:25:00,0.559612571
2017-01-08 04:30:00,0.5964163615
2017-01-08 04:35:00,0.5834054966
2017-01-08 04:40:00,0.592774092
2017-01-08 04:45:00,0.6014924117
2017-01-08 04:50:00,0.5832404336
2017-01-08 04:55:00,0.6013833523
2017-01-08 05:00:00,0.5827115971
2017-01-08 05:05:00,0.5595952485
2017-01-08 05:10:00,0.5683608197
2017-01-08 05:15:00,0.5747256765
2017-01-08 05:20:00,0.5857413196
2017-01-08 05:25:00,0.5995878386
2017-01-08 05:30:00,0.626955648
2017-01-08 05:35:00,0.6412238033
2017-01-08 05:40:00,0.6515014242
2017-01-08 05:45:00,0.6469953855
2017-01-08 05:50:00,0.6474751566
2017-01-08 05:55:00,0.6524526678
2017-01-08 06:00:00,0.6424179253
2017-01-08 06:05:00,0.6544488872
2017-01-08 06:10:00,0.6663473
2017-01-08 06:15:00,0.6526499725
2017-01-08 06:20:00,0.6530327011
2017-01-08 06:25:00,0.612383396
2017-01-08 06:30:00,0.6130518558
2017-01-08 06:35:00,0.5946277859
2017-01-08 06:40:00,0.5840326907
2017-01-08 06:45:00,0.5882343152
2017-01-08 06:50:00,0.5947951162
2017-01-08 06:55:00,0.5789449409
2017-01-08 07:00:00,0.5590560729
2017-01-08 07:05:00,0.5494935284
2017-01-08 07:10:00,0.5290166007
2017-01-08 07:15:00,0.4942394575
2017-01-08 07:20:00,0.4525091711
2017-01-08 07:25:00,0.4513930005
2017-01-08 07:30:00,0.4405950229
2017-01-08 07:35:00,0.3963292508
2017-01-08 07:40:00,0.3992830624
2017-01-08 07:45:00,0.4547862697
2017-01-08 07:50:00,0.4705648421
2017-01-08 07:55:00,0.4959403774
2017-01-08 08:00:00,0.5399716149
2017-01-08 08:05:00,0.5548085573
2017-01-08 08:10:00,0.5283557592
2017-01-08 08:15:00,0.5246674625
2017-01-08 08:20:00,0.5305894607
2017-01-08 08:25:00,0.4823724702
2017-01-08 08:30:00,0.4410820042
2017-01-08 08:35:00,0.4529689895
2017-01-08 08:40:00,0.4539307082
2017-01-08 08:45:00,0.4671337989
2017-01-08 08:50:00,0.5019163384
2017-01-08 08:55:00,0.5093086218
2017-01-08 09:00:00,0.5887194825
2017-01-08 09:05:00,0.6108065001
2017-01-08 09:10:00,0.6161654702
2017-01-08 09:15:00,0.6061975736
2017-01-08 09:20:00,0.5965599436
2017-01-08 09:25:00,0.6237714375
2017-01-08 09:30:00,0.6898742792
2017-01-08 09:35:00,0.6872037864
2017-01-08 09:40:00,0.6456886216
2017-01-08 09:45:00,0.6497009677
2017-01-08 09:50:00,0.6316676981
2017-01-08 09:55:00,0.714288989
2017-01-08 10:00:00,0.6574860421
2017-01-08 10:05:00,0.6903575737
2017-01-08 10:10:00,0.6818124341
2017-01-08 10:15:00,0.7135332135
2017-01-08 10:20:00,0.7345386512
2017-01-08 10:25:00,0.7457439807
2017-01-08 10:30:00,0.6952862553
2017-01-08 10:35:00,0.8303825003
2017-01-08 10:40:00,0.7885296637
2017-01-08 10:45:00,0.8712833088
2017-01-08 10:50:00,0.859355348
2017-01-08 10:55:00,0.8730575819
2017-01-08 11:00:00,0.8664416435
2017-01-08 11:05:00,0.9374350617
2017-01-08 11:10:00,0.9883447514
2017-01-08 11:15:00,0.9719593774
2017-01-08 11:20:00,1
2017-01-08 11:25:00,0.9726972453
2017-01-08 11:30:00,0.89797241
2017-01-08 11:35:00,0.9396337554
2017-01-08 11:40:00,0.8878676018
2017-01-08 11:45:00,0.970881321
2017-01-08 11:50:00,0.8253120186
2017-01-08 11:55:00,0.8646206629
2017-01-08 12:00:00,0.9667790336
2017-01-08 12:05:00,0.9837709779
2017-01-08 12:10:00,0.9038879236
2017-01-08 12:15:00,0.9303139443
2017-01-08 12:20:00,0.9193375218
2017-01-08 12:25:00,0.8593758221
2017-01-08 12:30:00,0.780729906
2017-01-08 12:35:00,0.7452191574
2017-01-08 12:40:00,0.7486814221
2017-01-08 12:45:00,0.7118839575
2017-01-08 12:50:00,0.708623564
2017-01-08 12:55:00,0.8027414662
2017-01-08 13:00:00,0.7508733636
2017-01-08 13:05:00,0.8813516262
2017-01-08 13:10:00,0.9293008564
2017-01-08 13:15:00,0.8676049205
2017-01-08 13:20:00,0.8273002706
2017-01-08 13:25:00,0.8648639132
2017-01-08 13:30:00,0.8512824745
2017-01-08 13:35:00,0.7782279725
2017-01-08 13:40:00,0.8235954314
2017-01-08 13:45:00,0.7623132594
2017-01-08 13:50:00,0.7418107061
2017-01-08 13:55:00,0.6732285636
2017-01-08 14:00:00,0.7630103966
2017-01-08 14:05:00,0.7479538025
2017-01-08 14:10:00,0.6455635773
2017-01-08 14:15:00,0.8079328293
2017-01-08 14:20:00,0.8644302736
2017-01-08 14:25:00,0.8551645206
2017-01-08 14:30:00,0.7976637653
2017-01-08 14:35:00,0.6965736924
2017-01-08 14:40:00,0.7645468521
2017-01-08 14:45:00,0.7495186044
2017-01-08 14:50:00,0.6850633137
2017-01-08 14:55:00,0.7487192732
2017-01-08 15:00:00,0.7436382801
2017-01-08 15:05:00,0.7745450404
2017-01-08 15:10:00,0.6442506235
2017-01-08 15:15:00,0.6829316792
2017-01-08 15:20:00,0.7069373638
2017-01-08 15:25:00,0.7243890312
2017-01-08 15:30:00,0.8039395652
2017-01-08 15:35:00,0.813892606
2017-01-08 15:40:00,0.853705799
2017-01-08 15:45:00,0.8850023257
2017-01-08 15:50:00,0.8292780882
2017-01-08 15:55:00,0.8025867423
2017-01-08 16:00:00,0.7143279602
2017-01-08 16:05:00,0.6487744246
2017-01-08 16:10:00,0.6287190152
2017-01-08 16:15:00,0.6398147365
2017-01-08 16:20:00,0.5537215448
2017-01-08 16:25:00,0.4932040816
2017-01-08 16:30:00,0.4888864324
2017-01-08 16:35:00,0.4419047798
2017-01-08 16:40:00,0.4226752387
2017-01-08 16:45:00,0.3259984427
2017-01-08 16:50:00,0.3728233217
2017-01-08 16:55:00,0.391046051
2017-01-08 17:00:00,0.4222120827
2017-01-08 17:05:00,0.3980846869
2017-01-08 17:10:00,0.4653232754
2017-01-08 17:15:00,0.4271457163
2017-01-08 17:20:00,0.3443014815
2017-01-08 17:25:00,0.3713617477
2017-01-08 17:30:00,0.3655974663
2017-01-08 17:35:00,0.3187358971
2017-01-08 17:40:00,0.276635806
2017-01-08 17:45:00,0.2364306293
2017-01-08 17:50:00,0.2475734253
2017-01-08 17:55:00,0.2565261889
2017-01-08 18:00:00,0.24798114
2017-01-08 18:05:00,0.233755747
2017-01-08 18:10:00,0.234934587
2017-01-08 18:15:00,0.2423633293
2017-01-08 18:20:00,0.2366052151
2017-01-08 18:25:00,0.2528034285
2017-01-08 18:30:00,0.2719570407
2017-01-08 18:35:00,0.2358234786
2017-01-08 18:40:00,0.2104626357
2017-01-08 18:45:00,0.2064167782
2017-01-08 18:50:00,0.2038981615
2017-01-08 18:55:00,0.2130458265
2017-01-08 19:00:00,0.2008368776
2017-01-08 19:05:00,0.1980178826
2017-01-08 19:10:00,0.2066681365
2017-01-08 19:15:00,0.2161140576
2017-01-08 19:20:00,0.2403972838
2017-01-08 19:25:00,0.2133803511
2017-01-08 19:30:00,0.2233926469
2017-01-08 19:35:00,0.2468724925
2017-01-08 19:40:00,0.2391664897
2017-01-08 19:45:00,0.2255860033
2017-01-08 19:50:00,0.1724974638
2017-01-08 19:55:00,0.1568091772
2017-01-08 20:00:00,0.1546639476
2017-01-08 20:05:00,0.1556164609
2017-01-08 20:10:00,0.1724761053
2017-01-08 20:15:00,0.1992661943
2017-01-08 20:20:00,0.2136164729
2017-01-08 20:25:00,0.2191472626
2017-01-08 20:30:00,0.2393591372
2017-01-08 20:35:00,0.2546145869
2017-01-08 20:40:00,0.2613961825
2017-01-08 20:45:00,0.249576356
2017-01-08 20:50:00,0.2250624588
2017-01-08 20:55:00,0.2173800908
2017-01-08 21:00:00,0.2205457182
2017-01-08 21:05:00,0.2117159809
2017-01-08 21:10:00,0.2094172065
2017-01-08 21:15:00,0.194129243
2017-01-08 21:20:00,0.1947260093
2017-01-08 21:25:00,0.1885108882
2017-01-08 21:30:00,0.1814142219
2017-01-08 21:35:00,0.1757939625
2017-01-08 21:40:00,0.1761220932
2017-01-08 21:45:00,0.1694741806
2017-01-08 21:50:00,0.1526476394
2017-01-08 21:55:00,0.1450610443
2017-01-08 22:00:00,0.1341374556
2017-01-08 22:05:00,0.1381840387
2017-01-08 22:10:00,0.1369517345
2017-01-08 22:15:00,0.1234557477
2017-01-08 22:20:00,0.1258245379
2017-01-08 22:25:00,0.1241561318
2017-01-08 22:30:00,0.130112367
2017-01-08 22:35:00,0.1359643041
2017-01-08 22:40:00,0.1401892368
2017-01-08 22:45:00,0.1380471362
2017-01-08 22:50:00,0.1353334369
2017-01-08 22:55:00,0.1219660087
2017-01-08 23:00:00,0.1183991059
2017-01-08 23:05:00,0.1126172299
2017-01-08 23:10:00,0.1010799606
2017-01-08 23:15:00,0.0957885121
2017-01-08 23:20:00,0.0947039938
2017-01-08 23:25:00,0.0952250306
2017-01-08 23:30:00,0.0895964273
2017-01-08 23:35:00,0.0906048081
2017-01-08 23:40:00,0.0882006473
2017-01-08 23:45:00,0.0828949146
2017-01-08 23:50:00,0.1143819077
2017-01-08 23:55:00,0.1265366669
2017-01-09 00:00:00,0.134410127
