SETTLEMENTDATE,SOLAR
2017-01-08 00:05:00,0
2017-01-08 00:10:00,0
2017-01-08 00:15:00,0
2017-01-08 00:20:00,0
2017-01-08 00:25:00,0
2017-01-08 00:30:00,0
2017-01-08 00:35:00,0
2017-01-08 00:40:00,0
2017-01-08 00:45:00,0
2017-01-08 00:50:00,0
2017-01-08 00:55:00,0
2017-01-08 01:00:00,0
2017-01-08 01:05:00,0
2017-01-08 01:10:00,0
2017-01-08 01:15:00,0
2017-01-08 01:20:00,0
2017-01-08 01:25:00,0
2017-01-08 01:30:00,0
2017-01-08 01:35:00,0
2017-01-08 01:40:00,0
2017-01-08 01:45:00,0
2017-01-08 01:50:00,0
2017-01-08 01:55:00,0
2017-01-08 02:00:00,0
2017-01-08 02:05:00,0
2017-01-08 02:10:00,0
2017-01-08 02:15:00,0
2017-01-08 02:20:00,0
2017-01-08 02:25:00,0
2017-01-08 02:30:00,0
2017-01-08 02:35:00,0
2017-01-08 02:40:00,0
2017-01-08 02:45:00,0
2017-01-08 02:50:00,0
2017-01-08 02:55:00,0
2017-01-08 03:00:00,0
2017-01-08 03:05:00,0
2017-01-08 03:10:00,0
2017-01-08 03:15:00,0
2017-01-08 03:20:00,0
2017-01-08 03:25:00,0
2017-01-08 03:30:00,0
2017-01-08 03:35:00,0
2017-01-08 03:40:00,0
2017-01-08 03:45:00,0
2017-01-08 03:50:00,0
2017-01-08 03:55:00,0
2017-01-08 04:00:00,0
2017-01-08 04:05:00,0
2017-01-08 04:10:00,0
2017-01-08 04:15:00,0
2017-01-08 04:20:00,0
2017-01-08 04:25:00,0
2017-01-08 04:30:00,0
2017-01-08 04:35:00,0
2017-01-08 04:40:00,0
2017-01-08 04:45:00,0
2017-01-08 04:50:00,0
2017-01-08 04:55:00,0
2017-01-08 05:00:00,0
2017-01-08 05:05:00,0
2017-01-08 05:10:00,0
2017-01-08 05:15:00,0
2017-01-08 05:20:00,0
2017-01-08 05:25:00,0
2017-01-08 05:30:00,0
2017-01-08 05:35:00,0
2017-01-08 05:40:00,0.0065004109
2017-01-08 05:45:00,0.0130008217
2017-01-08 05:50:00,0.0130008217
2017-01-08 05:55:00,0.0130008217
2017-01-08 06:00:00,0.0195012326
2017-01-08 06:05:00,0.0260016434
2017-01-08 06:10:00,0.0325020543
2017-01-08 06:15:00,0.0325020543
2017-01-08 06:20:00,0.0390024652
2017-01-08 06:25:00,0.0424113456
2017-01-08 06:30:00,0.0431508974
2017-01-08 06:35:00,0.0451458084
2017-01-08 06:40:00,0.048476944
2017-01-08 06:45:00,0.0876317788
2017-01-08 06:50:00,0.1059617673
2017-01-08 06:55:00,0.1222874192
2017-01-08 07:00:00,0.11328266
2017-01-08 07:05:00,0.1536166693
2017-01-08 07:10:00,0.1939506136
2017-01-08 07:15:00,0.2044439669
2017-01-08 07:20:00,0.2059293758
2017-01-08 07:25:00,0.2402930177
2017-01-08 07:30:00,0.2467347299
2017-01-08 07:35:00,0.2528621472
2017-01-08 07:40:00,0.2726554432
2017-01-08 07:45:00,0.3136559396
2017-01-08 07:50:00,0.3607252196
2017-01-08 07:55:00,0.391029225
2017-01-08 08:00:00,0.4344943522
2017-01-08 08:05:00,0.4541511396
2017-01-08 08:10:00,0.4843012153
2017-01-08 08:15:00,0.4811732176
2017-01-08 08:20:00,0.4725382668
2017-01-08 08:25:00,0.4444005233
2017-01-08 08:30:00,0.5459011887
2017-01-08 08:35:00,0.5097760004
2017-01-08 08:40:00,0.5710966512
2017-01-08 08:45:00,0.6088644283
2017-01-08 08:50:00,0.6365102206
2017-01-08 08:55:00,0.6441849957
2017-01-08 09:00:00,0.6631767911
2017-01-08 09:05:00,0.6701866391
2017-01-08 09:10:00,0.6858520443
2017-01-08 09:15:00,0.6968548347
2017-01-08 09:20:00,0.7026886934
2017-01-08 09:25:00,0.7170210593
2017-01-08 09:30:00,0.7506546401
2017-01-08 09:35:00,0.7743074901
2017-01-08 09:40:00,0.8140875994
2017-01-08 09:45:00,0.8806310703
2017-01-08 09:50:00,0.8349219362
2017-01-08 09:55:00,0.8500731589
2017-01-08 10:00:00,0.8597459652
2017-01-08 10:05:00,0.8968694216
2017-01-08 10:10:00,0.9196367206
2017-01-08 10:15:00,0.9544637769
2017-01-08 10:20:00,0.9245088436
2017-01-08 10:25:00,0.9409931705
2017-01-08 10:30:00,0.9095544534
2017-01-08 10:35:00,0.9554826513
2017-01-08 10:40:00,0.9468286543
2017-01-08 10:45:00,0.9313996691
2017-01-08 10:50:00,0.9527450032
2017-01-08 10:55:00,0.9447559983
2017-01-08 11:00:00,0.9667218617
2017-01-08 11:05:00,0.9381000326
2017-01-08 11:10:00,0.9474190216
2017-01-08 11:15:00,0.9873562459
2017-01-08 11:20:00,0.9307791399
2017-01-08 11:25:00,0.9973401619
2017-01-08 11:30:00,0.88624281
2017-01-08 11:35:00,0.9928345971
2017-01-08 11:40:00,1
2017-01-08 11:45:00,0.999335008
2017-01-08 11:50:00,0.9593724321
2017-01-08 11:55:00,0.9522070292
2017-01-08 12:00:00,0.9425944817
2017-01-08 12:05:00,0.6889403895
2017-01-08 12:10:00,0.9733333645
2017-01-08 12:15:00,0.847227604
2017-01-08 12:20:00,0.9691071224
2017-01-08 12:25:00,1
2017-01-08 12:30:00,0.999335008
2017-01-08 12:35:00,0.7214424438
2017-01-08 12:40:00,0.8392560202
2017-01-08 12:45:00,0.530211992
2017-01-08 12:50:00,0.640187308
2017-01-08 12:55:00,0.7068165193
2017-01-08 13:00:00,0.9011639181
2017-01-08 13:05:00,0.9443766993
2017-01-08 13:10:00,0.9091418073
2017-01-08 13:15:00,0.9912094944
2017-01-08 13:20:00,0.9847090835
2017-01-08 13:25:00,0.8668653452
2017-01-08 13:30:00,0.9780372568
2017-01-08 13:35:00,0.8095661736
2017-01-08 13:40:00,0.9163659089
2017-01-08 13:45:00,0.835899533
2017-01-08 13:50:00,0.7508593381
2017-01-08 13:55:00,0.7326451868
2017-01-08 14:00:00,0.7315374518
2017-01-08 14:05:00,0.7228247561
2017-01-08 14:10:00,0.6443151339
2017-01-08 14:15:00,0.6590204284
2017-01-08 14:20:00,0.6576524169
2017-01-08 14:25:00,0.7347940277
2017-01-08 14:30:00,0.8408573314
2017-01-08 14:35:00,0.8353757949
2017-01-08 14:40:00,0.836199462
2017-01-08 14:45:00,0.7909282606
2017-01-08 14:50:00,0.796392376
2017-01-08 14:55:00,0.8428522425
2017-01-08 15:00:00,0.7967462583
2017-01-08 15:05:00,0.8190660691
2017-01-08 15:10:00,0.7730902232
2017-01-08 15:15:00,0.4953928663
2017-01-08 15:20:00,0.4410916192
2017-01-08 15:25:00,0.6272864626
2017-01-08 15:30:00,0.4398203988
2017-01-08 15:35:00,0.6561748735
2017-01-08 15:40:00,0.6489127445
2017-01-08 15:45:00,0.4724414757
2017-01-08 15:50:00,0.3764239069
2017-01-08 15:55:00,0.5053323845
2017-01-08 16:00:00,0.609556332
2017-01-08 16:05:00,0.5502305923
2017-01-08 16:10:00,0.4591454703
2017-01-08 16:15:00,0.4862627792
2017-01-08 16:20:00,0.4495710151
2017-01-08 16:25:00,0.4973464998
2017-01-08 16:30:00,0.4585614734
2017-01-08 16:35:00,0.4600278361
2017-01-08 16:40:00,0.4250643362
2017-01-08 16:45:00,0.3759970249
2017-01-08 16:50:00,0.3536772792
2017-01-08 16:55:00,0.3460024391
2017-01-08 17:00:00,0.3238382482
2017-01-08 17:05:00,0.307664966
2017-01-08 17:10:00,0.2894952125
2017-01-08 17:15:00,0.2026982165
2017-01-08 17:20:00,0.244363705
2017-01-08 17:25:00,0.2170305824
2017-01-08 17:30:00,0.1325855001
2017-01-08 17:35:00,0.1477208617
2017-01-08 17:40:00,0.129925662
2017-01-08 17:45:00,0.0982251083
2017-01-08 17:50:00,0.0987344805
2017-01-08 17:55:00,0.1129129167
2017-01-08 18:00:00,0.1109117002
2017-01-08 18:05:00,0.1039034122
2017-01-08 18:10:00,0.0928990617
2017-01-08 18:15:00,0.0680749677
2017-01-08 18:20:00,0.0522556328
2017-01-08 18:25:00,0.0463392189
2017-01-08 18:30:00,0.0436793808
2017-01-08 18:35:00,0.0410179825
2017-01-08 18:40:00,0.0403514304
2017-01-08 18:45:00,0.0396864384
2017-01-08 18:50:00,0.0286027828
2017-01-08 18:55:00,0.0194393487
2017-01-08 19:00:00,0.0174444376
2017-01-08 19:05:00,0.0161145185
2017-01-08 19:10:00,0.0049546782
2017-01-08 19:15:00,0.0016251027
2017-01-08 19:20:00,0.0016251027
2017-01-08 19:25:00,0.0016251027
2017-01-08 19:30:00,0.0016251027
2017-01-08 19:35:00,0.0016251027
2017-01-08 19:40:00,0.0016251027
2017-01-08 19:45:00,0.0016251027
2017-01-08 19:50:00,0.0016251027
2017-01-08 19:55:00,0
2017-01-08 20:00:00,0
2017-01-08 20:05:00,0
2017-01-08 20:10:00,0
2017-01-08 20:15:00,0
2017-01-08 20:20:00,0
2017-01-08 20:25:00,0
2017-01-08 20:30:00,0
2017-01-08 20:35:00,0
2017-01-08 20:40:00,0
2017-01-08 20:45:00,0
2017-01-08 20:50:00,0
2017-01-08 20:55:00,0
2017-01-08 21:00:00,0
2017-01-08 21:05:00,0
2017-01-08 21:10:00,0
2017-01-08 21:15:00,0
2017-01-08 21:20:00,0
2017-01-08 21:25:00,0
2017-01-08 21:30:00,0
2017-01-08 21:35:00,0
2017-01-08 21:40:00,0
2017-01-08 21:45:00,0
2017-01-08 21:50:00,0
2017-01-08 21:55:00,0
2017-01-08 22:00:00,0
2017-01-08 22:05:00,0
2017-01-08 22:10:00,0
2017-01-08 22:15:00,0
2017-01-08 22:20:00,0
2017-01-08 22:25:00,0
2017-01-08 22:30:00,0
2017-01-08 22:35:00,0
2017-01-08 22:40:00,0
2017-01-08 22:45:00,0
2017-01-08 22:50:00,0
2017-01-08 22:55:00,0
2017-01-08 23:00:00,0
2017-01-08 23:05:00,0
2017-01-08 23:10:00,0
2017-01-08 23:15:00,0
2017-01-08 23:20:00,0
2017-01-08 23:25:00,0
2017-01-08 23:30:00,0
2017-01-08 23:35:00,0
2017-01-08 23:40:00,0
2017-01-08 23:45:00,0
2017-01-08 23:50:00,0
2017-01-08 23:55:00,0
2017-01-09 00:00:00,0
